Sentence#,Main-Line#,Sub-Line#,Word,POS,Tag
1,1,0,',RD_PUNC,O
1,2,0,ಆವಿಷ್ಕಾರ,N_NN,O
1,3,0,",",RD_PUNC,O
1,4,0,ಸುಸ್ಥಿರತೆ,N_NN,O
1,5,0,ಮತ್ತು,CC_CCD,O
1,6,0,ಬಹುಪಕ್ಷೀಯ,JJ,O
1,7,0,ಸಹಕಾರ,N_NN,O
1,8,0,',RD_PUNC,O
1,9,0,ದ,PSP,O
1,10,0,ಕುರಿತು,RP_RPD,O
1,11,1,ಭಾರತ,N_NNP,NEL
1,12,0,-,RD_SYM,O
1,13,1,ಫ್ರಾನ್ಸ್,N_NNP,NEL
1,14,0,ಟ್ರ್ಯಾಕ್,N_NNP,O
1,15,0,15,QT_QTC,O
1,16,0,ಸಂವಾದದಲ್ಲಿ,N_NN,O
1,17,1,ವಿದೇಶಾಂಗ,N_NN,NETE
1,17,2,ಸಚಿವರ,N_NN,NETE
1,18,0,ಭಾಷಣ,N_NN,O
1,19,0,.,RD_PUNC,O
2,1,1,ಮಾರ್ಚ್,N_NNP,NED
2,1,2,16,QT_QTC,NED
2,2,0,",",RD_PUNC,O
2,3,1,2022,QT_QTC,NEN
2,4,0,.,RD_PUNC,O
3,1,0,ಮಹಾಮಹಿಮ,N_NN,O
3,2,0,ಶ್ರೀ,N_NN,O
3,3,1,ಫ್ರಾಂಕೋಯಿಸ್,N_NNP,NEP
3,3,2,ಡೆಲಾಟ್ರೆ,N_NNP,NEP
3,4,0,",",RD_PUNC,O
3,5,0,ಪ್ರಧಾನ,JJ,O
3,6,0,ಕಾರ್ಯದರ್ಶಿ,N_NN,O
3,7,0,",",RD_PUNC,O
3,8,1,ಯುರೋಪ್,N_NNP,NEL
3,9,0,ಮತ್ತು,CC_CCD,O
3,10,1,ಫ್ರಾನ್ಸ್,N_NNP,NEL
3,11,0,ನ,PSP,O
3,12,0,ವಿದೇಶಾಂಗ,N_NN,O
3,13,0,ವ್ಯವಹಾರಗಳ,N_NN,O
3,14,0,ಸಚಿವಾಲಯ,N_NN,O
3,15,0,",",RD_PUNC,O
4,1,0,ಮಹಾಮಹಿಮ,N_NN,O
4,2,0,ಶ್ರೀ,N_NN,O
4,3,1,ಇಮ್ಯಾನುಯೆಲ್,N_NNP,NEP
4,3,2,ಲೆನಿನ್,N_NNP,NEP
4,4,0,",",RD_PUNC,O
4,5,1,ಭಾರತದಲ್ಲಿ,N_NNP,NEL
4,6,1,ಫ್ರಾನ್ಸ್,N_NNP,NEL
4,7,0,ನ,PSP,O
4,8,0,ರಾಯಭಾರಿ,N_NN,O
4,9,0,",",RD_PUNC,O
5,1,0,ಶ್ರೀ,N_NN,O
5,2,1,ಜಾವೇದ್,N_NNP,NEP
5,2,2,ಅಶ್ರಫ್,N_NNP,NEP
5,3,0,",",RD_PUNC,O
5,4,1,ಫ್ರಾನ್ಸ್,N_NNP,NEL
5,5,0,ಮತ್ತು,CC_CCD,O
5,6,1,ಮೊನಾಕೊದಲ್ಲಿ,N_NNP,NEL
5,7,1,ಭಾರತದ,N_NNP,NEL
5,8,0,ರಾಯಭಾರಿ,N_NN,O
5,9,0,",",RD_PUNC,O
6,1,0,ರಾಯಭಾರಿ,N_NNP,O
6,2,1,ರಾಜೀವ್,N_NNP,NEP
6,2,2,ಭಾಟಿಯಾ,N_NNP,NEP
6,3,0,",",RD_PUNC,O
6,4,0,ಗಣ್ಯ,N_NN,O
6,5,0,ವ್ಯಕ್ತಿ,N_NN,O
6,6,0,",",RD_PUNC,O
6,7,1,ಗೇಟ್ವೇ,N_NN,NEO
6,7,2,ಹೌಸ್,N_NN,NEO
6,8,0,",",RD_PUNC,O
7,1,0,ಮಹಿಳೆಯರೇ,N_NN,O
7,2,0,ಮತ್ತು,CC_CCD,O
7,3,0,ಮಹನೀಯರೇ,N_NN,O
7,4,0,ಹಾಗೂ,CC_CCD,O
7,5,0,ವಿಶೇಷ,JJ,O
7,6,0,ಭಾಗೀದಾರರೇ,N_NN,O
7,7,0,",",RD_PUNC,O
8,1,0,ನಮಸ್ಕಾರ,N_NN,O
8,2,0,.,RD_PUNC,O
9,1,0,ಇಂದು,N_NN,O
9,2,1,ಭಾರತ,N_NNP,NEL
9,3,0,-,RD_SYM,O
9,4,1,ಫ್ರಾನ್ಸ್,N_NNP,NEL
9,5,0,ಟ್ರ್ಯಾಕ್,N_NNP,O
9,6,1,15,QT_QTC,NEN
9,7,0,ನೇ,N_NN,O
9,8,0,ಸಂವಾದದಲ್ಲಿ,N_NN,O
9,9,0,ಮಾತನಾಡಲು,V_VM_VINF,O
9,10,0,ನನಗೆ,PR_PRP,O
9,11,0,ಅಪಾರ,JJ,O
9,12,0,ಸಂತೋಷ,N_NN,O
9,13,0,ಆಗುತ್ತಿದೆ,V_VM_VF,O
9,14,0,.,RD_PUNC,O
10,1,0,ಜಾಗತಿಕ,JJ,O
10,2,0,ಥಿಂಕ್,N_NN,O
10,3,0,-,RD_SYM,O
10,4,0,ಟ್ಯಾಂಕ್,N_NN,O
10,5,0,ಸ್ಪೇಸ್,N_NN,O
10,6,0,ನ,PSP,O
10,7,0,ಎರಡು,QT_QTC,O
10,8,0,ಅತ್ಯಂತ,RP_INTF,O
10,9,0,ಸಕ್ರಿಯ,JJ,O
10,10,0,ಸಂಸ್ಥೆಗಳು,N_NN,O
10,11,0,-,RD_SYM,O
10,12,1,ಗೇಟ್ವೇ,N_NN,NEO
10,12,2,ಹೌಸ್,N_NN,NEO
10,13,0,ಮತ್ತು,CC_CCD,O
10,14,1,ಐಎಫ್ಆರ್ಐ,N_NN,NEO
10,15,0,ನಡುವಿನ,N_NN,O
10,16,0,ಸಹಯೋಗವನ್ನು,N_NN,O
10,17,0,ನೋಡಿ,V_VM_VNF,O
10,18,0,ನನಗೆ,PR_PRP,O
10,19,0,ಸಂತೋಷ,N_NN,O
10,20,0,ಆಗುತ್ತಿದೆ,V_VM_VF,O
10,21,0,.,RD_PUNC,O
11,1,1,2,QT_QTC,NED
11,1,2,ಅಕ್ಟೋಬರ್,N_NNP,NED
11,1,3,2020,QT_QTC,NED
11,2,0,ರಲ್ಲಿ,PSP,O
11,3,0,ನಾನು,PR_PRP,O
11,4,1,ಪ್ಯಾರಿಸ್ಗೆ,N_NNP,NEL
11,5,0,ಭೇಟಿ,N_NN,O
11,6,0,ನೀಡಿದ,V_VM_VNF,O
11,7,0,ಸಂದರ್ಭದಲ್ಲಿ,N_NN,O
11,8,1,ಐಎಫ್ಆರ್ಐನಲ್ಲಿ,N_NN,NEO
11,9,0,ಒಂದು,QT_QTC,O
11,10,0,ಸಭೆಯನ್ನು,N_NN,O
11,11,0,ಉದ್ದೇಶಿಸಿ,V_VM_VNF,O
11,12,0,ಮಾತನಾಡಲು,V_VM_VINF,O
11,13,0,ನನಗೆ,PR_PRP,O
11,14,0,ಅವಕಾಶ,N_NN,O
11,15,0,ಸಿಕ್ಕಿತ್ತು,V_VM_VF,O
11,16,0,.,RD_PUNC,O
12,1,0,ಇತ್ತೀಚೆಗೆ,N_NN,O
12,2,0,",",RD_PUNC,O
12,3,1,ಇಂಡೋ,N_NNP,NEL
12,3,2,-,RD_SYM,NEL
12,3,3,ಪೆಸಿಫಿಕ್ನಲ್ಲಿ,N_NN,NEL
12,4,0,ಸಹಕಾರಕ್ಕಾಗಿ,N_NN,O
12,5,1,ಯುರೋಪಿಯನ್,N_NNP,NEO
12,5,2,ಒಕ್ಕೂಟದ,N_NN,NEO
12,6,0,ಸಚಿವರ,N_NN,O
12,7,0,ವೇದಿಕೆಯಲ್ಲಿ,N_NN,O
12,8,0,ಭಾಗವಹಿಸಲು,V_VM_VINF,O
12,9,1,ಪ್ಯಾರಿಸ್ಗೆ,N_NN,NEL
12,10,0,ಬಂದಿದ್ದ,V_VM_VNF,O
12,11,1,ವಿದೇಶಾಂಗ,N_NN,NETE
12,11,2,ಸಚಿವ,N_NN,NETE
12,12,1,ಡಾಎಸ್ಜೈಶಂಕರ್,N_NN,NEP
12,13,0,ಅವರು,PR_PRP,O
12,14,1,ಐಎಫ್ಆರ್ಐಗೆ,N_NN,NEO
12,15,0,ಸಂಬಂಧಿಸಿದ್ದರು,V_VM_VF,O
12,16,0,.,RD_PUNC,O
13,1,0,ನಾವು,PR_PRP,O
13,2,1,ಗೇಟ್ವೇ,N_NN,NEO
13,2,2,ಹೌಸ್ನೊಂದಿಗೂ,N_NN,NEO
13,3,0,ನಿಯಮಿತವಾಗಿ,RB,O
13,4,0,ಸಹಕರಿಸುತ್ತಿದ್ದೇವೆ,V_VM_VF,O
13,5,0,ಹಾಗೆಯೇ,CC_CCS,O
13,6,0,ಅವರೊಂದಿಗೆ,PR_PRP,O
13,7,0,ನಮ್ಮ,PR_PRP,O
13,8,0,ಒಡನಾಟವನ್ನು,N_NN,O
13,9,0,ಮುಂದುವರಿಸಲು,V_VM_VINF,O
13,10,0,ಸಹ,RP_RPD,O
13,11,0,ನಾವು,PR_PRP,O
13,12,0,ಎದುರು,N_NST,O
13,13,0,ನೋಡುತ್ತಿದ್ದೇವೆ,V_VM_VF,O
13,14,0,.,RD_PUNC,O
14,1,1,3,QT_QTC,NEN
14,2,0,ಇಂದು,N_NN,O
14,3,0,ನಾವು,PR_PRP,O
14,4,0,ಅರ್ಥಮಾಡಿಕೊಂಡಂತೆ,V_VM_VNF,O
14,5,0,",",RD_PUNC,O
14,6,0,ಜಾಗತಿಕ,JJ,O
14,7,0,ಯುದ್ಧತಂತ್ರದ,N_NN,O
14,8,0,ದೃಷ್ಟಿಕೋನವು,N_NN,O
14,9,0,ಮೊದಲಿಗಿಂತ,N_NN,O
14,10,0,ಸಾಕಷ್ಟು,JJ,O
14,11,0,ಜಟಿಲ,N_NN,O
14,12,0,ಆಗಿದೆ,V_VM_VF,O
14,13,0,.,RD_PUNC,O
15,1,0,ಎರಡನೇ,QT_QTO,O
15,2,0,ವಿಶ್ವ,N_NN,O
15,3,0,ಯುದ್ಧದ,N_NN,O
15,4,0,ನಂತರದ,N_NST,O
15,5,0,ಭದ್ರತಾ,N_NN,O
15,6,0,ರಚನೆ,N_NN,O
15,7,0,",",RD_PUNC,O
15,8,0,ಇದರಿಂದಾಗಿ,PR_PRP,O
15,9,0,ಕಳೆದ,V_VM_VNF,O
15,10,0,ಹಲವು,QT_QTF,O
15,11,0,ದಶಕಗಳಲ್ಲಿ,N_NN,O
15,12,1,ಯುರೋಪಿನಲ್ಲಿ,N_NNP,NEL
15,13,0,ಶಾಂತಿ,N_NN,O
15,14,0,ನೆಲೆಸಿತ್ತು,V_VM_VNF,O
15,15,0,",",RD_PUNC,O
15,16,0,ಈಗ,N_NST,O
15,17,0,ಶಿಥಿಲ,N_NNP,O
15,18,0,ಆಗುತ್ತಿದೆ,V_VM_VF,O
15,19,0,.,RD_PUNC,O
16,1,0,ಅಂತಹ,DM_DMD,O
16,2,0,ಪರಿಸ್ಥಿತಿಯಲ್ಲಿ,N_NN,O
16,3,0,ಸ್ಥಿರತೆಯನ್ನು,N_NN,O
16,4,0,ಕಾಪಾಡಿಕೊಳ್ಳಲು,V_VM_VINF,O
16,5,0,ಪ್ರೌಢ,JJ,O
16,6,0,ಸಹಭಾಗಿತ್ವದ,N_NN,O
16,7,0,ಅಗತ್ಯ,N_NN,O
16,8,0,ಇದೆ,V_VM_VF,O
16,9,0,.,RD_PUNC,O
17,1,0,ಆದ್ದರಿಂದ,CC_CCS,O
17,2,0,",",RD_PUNC,O
17,3,0,ಯಾವಾಗಲೂ,RB,O
17,4,0,ಕಾರ್ಯತಂತ್ರದ,N_NN,O
17,5,0,ಸ್ವಾಯತ್ತತೆಯನ್ನು,N_NN,O
17,6,0,ಕಾಪಾಡಿಕೊಳ್ಳಲು,V_VM_VINF,O
17,7,0,ಬೇಡಿಕೆಯಿಟ್ಟ,V_VM_VNF,O
17,8,0,ಮತ್ತು,CC_CCD,O
17,9,0,ಯಶಸ್ವಿ,RB,O
17,10,0,ಆಗಿರುವ,V_VM_VNF,O
17,11,1,ಭಾರತ,N_NNP,NEL
17,12,0,ಮತ್ತು,CC_CCD,O
17,13,1,ಫ್ರಾನ್ಸ್,N_NNP,NEL
17,14,0,",",RD_PUNC,O
17,15,0,ಶಾಂತಿ,N_NNP,O
17,16,0,",",RD_PUNC,O
17,17,0,ಸಂವಾದ,JJ,O
17,18,0,ಮತ್ತು,CC_CCD,O
17,19,0,ರಾಜತಾಂತ್ರಿಕತೆಯ,N_NN,O
17,20,0,ಕರೆಯಲ್ಲಿ,N_NN,O
17,21,0,ಮುಂಚೂಣಿಯಲ್ಲಿ,N_NN,O
17,22,0,ಇರುವುದು,V_VM_VNG,O
17,23,0,ಮಾತ್ರ,RP_RPD,O
17,24,0,ಸೂಕ್ತ,N_NN,O
17,25,0,ಆಗಿದೆ,V_VM_VF,O
17,26,0,.,RD_PUNC,O
18,1,1,ರಷ್ಯಾ,N_NNP,NEL
18,2,0,ಮತ್ತು,CC_CCD,O
18,3,1,ಉಕ್ರೇನ್,N_NNP,NEL
18,4,0,ನಾಯಕರ,N_NN,O
18,5,0,ಜೊತೆ,PSP,O
18,6,0,ನಿಯಮಿತ,JJ,O
18,7,0,ಸಂಪರ್ಕ,N_NN,O
18,8,0,ಹೊಂದಿರುವ,V_VM_VNF,O
18,9,0,ನಾಯಕರಲ್ಲಿ,N_NN,O
18,10,0,ಪ್ರಧಾನಿ,N_NN,O
18,11,1,ಮೋದಿ,N_NN,NEP
18,12,0,ಮತ್ತು,CC_CCD,O
18,13,0,ರಾಷ್ಟ್ರಪತಿ,N_NN,O
18,14,1,ಮ್ಯಾಕ್ರನ್,N_NN,NEP
18,15,0,ಸೇರಿದ್ದಾರೆ,V_VM_VF,O
18,16,0,ಹಾಗೆಯೇ,CC_CCS,O
18,17,0,ಅವರೊಂದಿಗೆ,PR_PRP,O
18,18,0,ಸಂವಹನದ,N_NN,O
18,19,0,ಮಾರ್ಗಗಳು,N_NN,O
18,20,0,ಇನ್ನೂ,RB,O
18,21,0,ತೆರೆದಿವೆ,V_VM_VF,O
18,22,0,.,RD_PUNC,O
19,1,1,4,QT_QTC,NEN
19,2,1,ಭಾರತ,N_NNP,NEL
19,3,0,ಮತ್ತು,CC_CCD,O
19,4,1,ಫ್ರಾನ್ಸ್,N_NNP,NEL
19,5,0,ಬಹಳ,JJ,O
19,6,0,ಸಮಯದಿಂದಲೂ,N_NN,O
19,7,0,ಸ್ನೇಹಿತರು,N_NN,O
19,8,0,ಮತ್ತು,CC_CCD,O
19,9,0,ಕಾರ್ಯತಂತ್ರದ,N_NN,O
19,10,0,ಪಾಲುದಾರರು,N_NN,O
19,11,0,ಆಗಿದ್ದಾರೆ,V_VM_VF,O
19,12,0,.,RD_PUNC,O
20,1,1,ಇಂಡೋ,N_NNP,NEL
20,2,0,-,RD_SYM,O
20,3,1,ಪೆಸಿಫಿಕ್ನಲ್ಲಿ,N_NN,NEL
20,4,0,ನೆಲೆಗೊಂಡಿರುವ,V_VM_VNF,O
20,5,0,ಶಕ್ತಿಗಳ,N_NN,O
20,6,0,ರೂಪದಲ್ಲಿ,N_NN,O
20,7,0,",",RD_PUNC,O
20,8,0,ಅವರಿಗೆ,PR_PRP,O
20,9,0,ಈ,DM_DMD,O
20,10,0,ಕ್ಷೇತ್ರದಲ್ಲಿನ,N_NN,O
20,11,0,ಸವಾಲುಗಳು,N_NN,O
20,12,0,",",RD_PUNC,O
20,13,0,ಅವಕಾಶಗಳು,N_NN,O
20,14,0,ಹಾಗೆಯೇ,RP_RPD,O
20,15,0,ಅಪಾಯಗಳ,N_NN,O
20,16,0,ಬಗ್ಗೆ,RP_RPD,O
20,17,0,ಸಾಮಾನ್ಯ,JJ,O
20,18,0,ಸಹಭಾಗಿತ್ವದ,N_NN,O
20,19,0,ಅರಿವು,N_NN,O
20,20,0,ಆಗಿದೆ,V_VM_VF,O
20,21,0,.,RD_PUNC,O
21,1,1,ದ್ವಿಪಕ್ಷೀಯ,JJ,NETE
21,1,2,ಸಂಬಂಧಗಳಲ್ಲಿ,N_NN,NETE
21,2,0,ರಕ್ಷಣೆ,N_NN,O
21,3,0,ಮತ್ತು,CC_CCD,O
21,4,0,ಭದ್ರತೆ,N_NN,O
21,5,0,",",RD_PUNC,O
21,6,0,ವಿಜ್ಞಾನ,N_NN,O
21,7,0,ಮತ್ತು,CC_CCD,O
21,8,0,ತಂತ್ರಜ್ಞಾನ,N_NN,O
21,9,0,",",RD_PUNC,O
21,10,0,ಬಾಹ್ಯಾಕಾಶ,N_NNP,O
21,11,0,ಮತ್ತು,CC_CCD,O
21,12,0,ಸಾಂಸ್ಕೃತಿಕ,JJ,O
21,13,0,ಸಂಪರ್ಕಗಳಂತಹ,N_NN,O
21,14,0,ಸಾಂಪ್ರದಾಯಿಕ,JJ,O
21,15,0,ಕ್ಷೇತ್ರಗಳಲ್ಲಿ,N_NN,O
21,16,0,ಸಹಕಾರದ,N_NN,O
21,17,0,ಪ್ರಾಬಲ್ಯ,N_NN,O
21,18,0,ಇದೆ,V_VM_VF,O
21,19,0,.,RD_PUNC,O
22,1,0,ಆದಾಗ್ಯೂ,V_VM_VNF,O
22,2,0,",",RD_PUNC,O
22,3,1,21,QT_QTC,NEN
22,4,0,ನೇ,QT_QTO,O
22,5,0,ಶತಮಾನದ,N_NN,O
22,6,0,ಸಮಸ್ಯೆಗಳಿಗೆ,N_NN,O
22,7,1,21,QT_QTC,NEN
22,8,0,ನೇ,QT_QTO,O
22,9,0,ಶತಮಾನದ,N_NN,O
22,10,0,ಪರಿಹಾರಗಳ,N_NN,O
22,11,0,ಅಗತ್ಯ,N_NN,O
22,12,0,ಇದೆ,V_VM_VF,O
22,13,0,.,RD_PUNC,O
23,1,1,ಎರಡೂ,QT_QTC,NEN
23,2,0,ದೇಶಗಳು,N_NN,O
23,3,0,ಇದನ್ನು,PR_PRP,O
23,4,0,ಚೆನ್ನಾಗಿ,RB,O
23,5,0,ಅರ್ಥಮಾಡಿಕೊಂಡಿವೆ,V_VM_VF,O
23,6,0,",",RD_PUNC,O
23,7,0,ಇದೇ,PR_PRP,O
23,8,0,ಕಾರಣದಿಂದ,N_NN,O
23,9,0,ಅವರು,PR_PRP,O
23,10,0,ಡಿಜಿಟಲ್,N_NNP,O
23,11,0,",",RD_PUNC,O
23,12,0,ಸೈಬರ್,N_NN,O
23,13,0,ಭದ್ರತೆ,N_NN,O
23,14,0,",",RD_PUNC,O
23,15,0,ಹಸಿರು,JJ,O
23,16,0,ಶಕ್ತಿ,N_NN,O
23,17,0,ಮತ್ತು,CC_CCD,O
23,18,0,ನಿರಂತರ,JJ,O
23,19,0,ಅಭಿವೃದ್ಧಿಯಂತಹ,N_NN,O
23,20,0,ಅಸಾಂಪ್ರದಾಯಿಕ,JJ,O
23,21,0,ಕ್ಷೇತ್ರಗಳಲ್ಲಿ,N_NN,O
23,22,0,ತಮ್ಮ,PR_PRF,O
23,23,0,ಸಹಕಾರವನ್ನು,N_NN,O
23,24,0,ವೇಗವಾಗಿ,RB,O
23,25,0,ವಿಸ್ತರಿಸುತ್ತಾ,V_VM_VNF,O
23,26,0,ಇದ್ದಾರೆ,V_VM_VF,O
23,27,0,.,RD_PUNC,O
24,1,1,5,QT_QTC,NEN
24,2,1,ಕೋವಿಡ್,N_NNP,NEA
24,2,2,-,RD_SYM,NEA
24,2,3,19,QT_QTC,NEA
24,3,0,ಮಹಾಮಾರಿಯಂತಹ,N_NN,O
24,4,0,ದಶಕದ,N_NN,O
24,5,0,ಅತಿದೊಡ್ಡ,JJ,O
24,6,0,ಅಸಾಂಪ್ರದಾಯಿಕವಾದ,JJ,O
24,7,0,ಅಪಾಯವನ್ನು,N_NN,O
24,8,0,ಜಗತ್ತು,N_NN,O
24,9,0,ಎದುರಿಸಿದೆ,V_VM_VF,O
24,10,0,.,RD_PUNC,O
25,1,0,ಪ್ರತಿಕ್ರಿಯೆಯಾಗಿ,RB,O
25,2,0,",",RD_PUNC,O
25,3,1,ಭಾರತ,N_NNP,NEL
25,4,0,ಮತ್ತು,CC_CCD,O
25,5,1,ಫ್ರಾನ್ಸ್,N_NNP,NEL
25,6,0,ಸಮನ್ವಯ,N_NN,O
25,7,0,ಮತ್ತು,CC_CCD,O
25,8,0,ಸಹಯೋಗದಲ್ಲಿ,N_NN,O
25,9,0,ಕೆಲಸ,N_NN,O
25,10,0,ಮಾಡಿದವು,V_VM_VNF,O
25,11,0,",",RD_PUNC,O
25,12,0,ಕಷ್ಟದ,N_NN,O
25,13,0,ಸಮಯದಲ್ಲಿ,N_NN,O
25,14,0,ಪರಸ್ಪರ,PR_PRC,O
25,15,0,ಸಹಾಯ,N_NN,O
25,16,0,ಮಾಡಿದವು,V_VM_VF,O
25,17,0,",",RD_PUNC,O
25,18,0,ಜೊತೆಯಲ್ಲಿಯೇ,N_NN,O
25,19,0,ಮಹಾಮಾರಿಯ,N_NN,O
25,20,0,ಜೊತೆಗೆ,PSP,O
25,21,0,ಹೋರಾಡಲು,V_VM_VINF,O
25,22,0,ಜಾಗತಿಕ,JJ,O
25,23,0,ಪ್ರಯತ್ನಗಳಿಗೆ,N_NN,O
25,24,0,ಸಹ,RP_RPD,O
25,25,0,ಕೊಡುಗೆ,N_NN,O
25,26,0,ನೀಡಿವೆ,V_VM_VF,O
25,27,0,",",RD_PUNC,O
25,28,0,ಅದು,PR_PRP,O
25,29,0,ಹಣಕಾಸಿನ,N_NN,O
25,30,0,ನೆರವಿನ,N_NN,O
25,31,0,ರೂಪದಲ್ಲಿ,N_NN,O
25,32,0,ಆಗಿರಬಹುದು,V_VM_VF,O
25,33,0,ಅಥವಾ,CC_CCD,O
25,34,0,ಜೀವ,N_NN,O
25,35,0,ಉಳಿಸುವ,V_VM_VNF,O
25,36,0,ಔಷಧಿಗಳು,N_NN,O
25,37,0,ಆಗಿರಬಹುದು,V_VM_VF,O
25,38,0,",",RD_PUNC,O
25,39,0,ವಿಶೇಷವಾಗಿ,JJ,O
25,40,0,ಲಸಿಕೆಗಳ,N_NN,O
25,41,0,ಪೂರೈಕೆಯ,N_NN,O
25,42,0,ಮೂಲಕ,RP_RPD,O
25,43,0,.,RD_PUNC,O
26,1,1,6,QT_QTC,NEN
26,2,1,ಫ್ರಾನ್ಸ್,N_NN,NEL
26,3,0,ವರ್ತಮಾನದಲ್ಲಿ,N_NN,O
26,4,1,ಯುರೋಪಿಯನ್,N_NNP,NEO
26,4,2,ಒಕ್ಕೂಟದ,N_NN,NEO
26,5,0,ಪರಿಷತ್,N_NNP,O
26,6,0,ನ,PSP,O
26,7,0,ಅಧ್ಯಕ್ಷ,N_NN,O
26,8,0,ಮತ್ತು,CC_CCD,O
26,9,0,ಪ್ರಸ್ತುತ,JJ,O
26,10,0,ವಿಪತ್ತಿನ,N_NN,O
26,11,0,ಸಂದರ್ಭದಲ್ಲಿ,N_NN,O
26,12,1,ಯುರೋಪ್,N_NNP,NEL
26,13,0,ಅನ್ನು,PSP,O
26,14,0,ಮುನ್ನಡೆಸುವಲ್ಲಿ,V_VM_VNF,O
26,15,0,ನಾಯಕತ್ವದ,N_NN,O
26,16,0,ಪಾತ್ರವನ್ನು,N_NN,O
26,17,0,ವಹಿಸುತ್ತಿದೆ,V_VM_VF,O
26,18,0,",",RD_PUNC,O
26,19,0,ಅದೇ,PR_PRP,O
26,20,0,ಸಮಯದಲ್ಲಿ,N_NN,O
26,21,1,ಇಂಡೋ,N_NN,NEL
26,22,0,-,RD_SYM,O
26,23,1,ಪೆಸಿಫಿಕ್,N_NN,NEL
26,24,0,ಮೇಲೆ,N_NST,O
26,25,1,ಯುರೋಪ್ನ,N_NNP,NEL
26,26,0,ಗಮನವನ್ನು,N_NN,O
26,27,0,ಸಹ,RP_RPD,O
26,28,0,ಬಲಪಡಿಸುತ್ತದೆ,V_VM_VF,O
26,29,0,.,RD_PUNC,O
27,1,0,ಈ,DM_DMD,O
27,2,0,ಸಂದರ್ಭದಲ್ಲಿ,N_NN,O
27,3,0,",",RD_PUNC,O
27,4,0,ಕಳೆದ,V_VM_VNF,O
27,5,0,ತಿಂಗಳು,N_NN,O
27,6,1,ಇಂಡೋ,N_NNP,NEL
27,7,0,-,RD_SYM,O
27,8,1,ಪೆಸಿಫಿಕ್ನಲ್ಲಿ,N_NN,NEL
27,9,0,ಸಹಕಾರಕ್ಕಾಗಿ,N_NN,O
27,10,1,ಯುರೋಪಿಯನ್,N_NNP,NEO
27,10,2,ಒಕ್ಕೂಟವು,N_NN,NEO
27,11,0,ಸಚಿವರ,N_NN,O
27,12,0,ವೇದಿಕೆಯನ್ನು,N_NN,O
27,13,0,ಆಯೋಜಿಸಲು,V_VM_VINF,O
27,14,1,ಫ್ರಾನ್ಸೇಸ್,N_NNP,NEL
27,15,0,ಉಪಕ್ರಮವನ್ನು,N_NN,O
27,16,0,ನಾವು,PR_PRP,O
27,17,0,ಪ್ರಶಂಸಿಸುತ್ತೇವೆ,V_VM_VF,O
27,18,0,.,RD_PUNC,O
28,1,0,ಸಹಯೋಗಕ್ಕಾಗಿ,N_NN,O
28,2,0,ಒಂದು,QT_QTC,O
28,3,0,ಹಂಚಿಕೆಯ,N_NN,O
28,4,0,ದೃಷ್ಟಿಕೋನ,N_NN,O
28,5,0,ಮತ್ತು,CC_CCD,O
28,6,0,ಕಾರ್ಯತಂತ್ರವನ್ನು,N_NN,O
28,7,0,ತಯಾರಿಸಲು,V_VM_VINF,O
28,8,1,ಯುರೋಪಿಯನ್,N_NNP,NEO
28,8,2,ಒಕ್ಕೂಟ,N_NN,NEO
28,9,0,ಮತ್ತು,CC_CCD,O
28,10,1,ಭಾರತ,N_NNP,NEL
28,11,0,-,RD_SYM,O
28,12,1,ಪೆಸಿಫಿಕ್,N_NN,NEL
28,13,0,ದೇಶಗಳಿಗೆ,N_NN,O
28,14,0,ಇದು,PR_PRP,O
28,15,0,ಒಂದು,QT_QTC,O
28,16,0,ಅನನ್ಯ,JJ,O
28,17,0,ಅವಕಾಶ,N_NN,O
28,18,0,ಆಗಿದೆ,V_VM_VF,O
28,19,0,.,RD_PUNC,O
29,1,1,ಯುರೋಪಿಯನ್,N_NNP,NEO
29,1,2,ಒಕ್ಕೂಟ,N_NN,NEO
29,1,3,ಪರಿಷತ್,N_NN,NEO
29,2,0,ನ,PSP,O
29,3,1,ಫ್ರಾನ್ಸೇಸ್,N_NNP,NEL
29,4,0,ಅಧ್ಯಕ್ಷತೆಯ,N_NN,O
29,5,0,ಅಡಿಯಲ್ಲಿ,N_NN,O
29,6,1,ಭಾರತ,N_NNP,NEL
29,7,0,-,RD_SYM,O
29,8,1,ಯುರೋಪಿಯನ್,N_NNP,NEO
29,8,2,ಒಕ್ಕೂಟದ,N_NN,NEO
29,9,1,ಎಫ್ಟಿಎ,N_NN,NEA
29,10,0,ಕುರಿತು,RP_RPD,O
29,11,0,ಮಾತುಕತೆಗಳ,N_NN,O
29,12,0,ಪುನರಾರಂಭಕ್ಕೂ,N_NN,O
29,13,0,ನಾವು,PR_PRP,O
29,14,0,ಎದುರು,N_NST,O
29,15,0,ನೋಡುತ್ತಿದ್ದೇವೆ,V_VM_VF,O
29,16,0,.,RD_PUNC,O
30,1,1,7,QT_QTC,NEN
30,2,1,ಭಾರತ,N_NN,NEL
30,3,0,ಮತ್ತು,CC_CCD,O
30,4,1,ಫ್ರಾನ್ಸ್,N_NNP,NEL
30,5,0,,RD_SYM,O
30,6,0,ಪ್ರಮುಖ,JJ,O
30,7,0,ಸಾಂಪ್ರದಾಯಿಕ,N_NN,O
30,8,0,ಮತ್ತು,CC_CCD,O
30,9,0,ಅಸಾಂಪ್ರದಾಯಿಕ,JJ,O
30,10,0,ಕಾರ್ಯತಂತ್ರದ,N_NN,O
30,11,0,ಕ್ಷೇತ್ರಗಳಲ್ಲಿ,N_NN,O
30,12,0,ವೇಗವಾಗಿ,RB,O
30,13,0,ಮುನ್ನಡೆಯುತ್ತಿರುವ,V_VM_VNF,O
30,14,0,ಸಮಯದಲ್ಲಿ,N_NN,O
30,15,0,"""",RD_PUNC,O
30,16,0,ನಾವೀನ್ಯತೆ,N_NN,O
30,17,0,",",RD_PUNC,O
30,18,0,ಸುಸ್ಥಿರತೆ,N_NN,O
30,19,0,ಮತ್ತು,CC_CCD,O
30,20,0,ಬಹುಪಕ್ಷೀಯ,JJ,O
30,21,0,ಸಹಕಾರ,N_NN,O
30,22,0,"""",RD_PUNC,O
30,23,0,ಎಂಬ,V_VM_VNF,O
30,24,0,ವಿಷಯದ,N_NN,O
30,25,0,ಕುರಿತು,RP_RPD,O
30,26,0,ಇಂದಿನ,N_NST,O
30,27,0,ವಿಚಾರ,N_NN,O
30,28,0,-,RD_SYM,O
30,29,0,ವಿಮರ್ಶೆಗಳು,N_NN,O
30,30,0,ನಡೆಯುತ್ತಾ,V_VM_VNF,O
30,31,0,ಇವೆ,V_VM_VF,O
30,32,0,.,RD_PUNC,O
31,1,0,ಇವುಗಳಲ್ಲಿ,PR_PRP,O
31,2,0,ಮೊದಲನೆಯದು,QT_QTO,O
31,3,0,ಡಿಜಿಟಲ್,N_NNP,O
31,4,0,ಮತ್ತು,CC_CCD,O
31,5,0,ಸೈಬರ್,N_NN,O
31,6,0,ಸುರಕ್ಷತೆ,N_NN,O
31,7,0,.,RD_PUNC,O
32,1,1,ಆಗಸ್ಟ್,N_NNP,NED
32,1,2,2019,QT_QTC,NED
32,2,0,ರಲ್ಲಿ,PSP,O
32,3,0,",",RD_PUNC,O
32,4,1,ಭಾರತ,N_NNP,NEL
32,5,0,ಮತ್ತು,CC_CCD,O
32,6,1,ಫ್ರಾನ್ಸ್,N_NNP,NEL
32,7,0,ನ,PSP,O
32,8,1,ಸೈಬರ್,N_NN,NETE
32,8,2,ಸುರಕ್ಷತೆ,N_NN,NETE
32,9,0,ಮತ್ತು,CC_CCD,O
32,10,1,ಡಿಜಿಟಲ್,N_NNP,NETE
32,10,2,ತಂತ್ರಜ್ಞಾನದ,N_NN,NETE
32,11,0,ಕುರಿತು,RP_RPD,O
32,12,0,ಒಂದು,QT_QTC,O
32,13,0,ಮಾರ್ಗಸೂಚಿಯನ್ನು,N_NN,O
32,14,0,ಅಳವಡಿಸಿಕೊಂಡವು,V_VM_VF,O
32,15,0,",",RD_PUNC,O
32,16,0,ಇದು,PR_PRP,O
32,17,0,ಒಂದು,QT_QTC,O
32,18,1,21,QT_QTC,NEN
32,19,0,ನೇ,N_NN,O
32,20,0,ಶತಮಾನಕ್ಕೆ,N_NN,O
32,21,0,ಅಡಿಪಾಯ,N_NN,O
32,22,0,ಎಂದು,CC_CCS,O
32,23,0,ನಾವು,PR_PRP,O
32,24,0,ಪರಿಗಣಿಸುವಂತಹ,V_VM_VNF,O
32,25,0,ಕ್ಷೇತ್ರದಲ್ಲಿ,N_NN,O
32,26,0,ಸಹಕಾರಕ್ಕಾಗಿ,N_NN,O
32,27,0,ನಮ್ಮ,PR_PRP,O
32,28,0,ಹಂಚಿಕೆಯ,N_NN,O
32,29,0,ದೃಷ್ಟಿಕೋನವನ್ನು,N_NN,O
32,30,0,ನಿರ್ಧರಿಸುತ್ತದೆ,V_VM_VF,O
32,31,0,.,RD_PUNC,O
33,1,0,ನಮ್ಮಲ್ಲಿ,PR_PRP,O
33,2,0,ಒಂದು,QT_QTC,O
33,3,0,ಪ್ರಬಲವಾದ,JJ,O
33,4,0,ಸೈಬರ್,N_NN,O
33,5,0,ಸಂವಾದ,N_NN,O
33,6,0,ಇದೆ,V_VM_VF,O
33,7,0,",",RD_PUNC,O
33,8,0,ಅಲ್ಲಿ,PR_PRP,O
33,9,0,ನಾವು,PR_PRP,O
33,10,0,ಡಿಜಿಟಲ್,N_NNP,O
33,11,0,ಮತ್ತು,CC_CCD,O
33,12,0,ಸೈಬರ್,N_NN,O
33,13,0,ಸಮಸ್ಯೆಗಳ,N_NN,O
33,14,0,ಕುರಿತು,RP_RPD,O
33,15,0,ದ್ವಿಪಕ್ಷೀಯ,JJ,O
33,16,0,ಮತ್ತು,CC_CCD,O
33,17,0,ಬಹುಪಕ್ಷೀಯ,JJ,O
33,18,0,ಸಹಕಾರಗಳ,N_NN,O
33,19,0,ಬಗ್ಗೆ,RP_RPD,O
33,20,0,ಚರ್ಚಿಸುತ್ತೇವೆ,V_VM_VF,O
33,21,0,.,RD_PUNC,O
34,1,0,ಪ್ರಾಯೋಗಿಕ,JJ,O
34,2,0,ಅಂಶಗಳಲ್ಲಿಯೂ,N_NN,O
34,3,0,",",RD_PUNC,O
34,4,1,ಭಾರತದ,N_NNP,NEL
34,5,0,ಸುಧಾರಿತ,JJ,O
34,6,0,ಕಂಪ್ಯೂಟಿಂಗ್,N_NN,O
34,7,0,ಅಭಿವೃದ್ಧಿ,N_NN,O
34,8,0,ಕೇಂದ್ರ,N_NN,O
34,9,0,ಅಥವಾ,CC_CCD,O
34,10,1,ಸಿ,N_NN,NEO
34,10,2,-,RD_SYM,NEO
34,10,3,ಡೆಕ್,N_NNP,NEO
34,11,0,ಮತ್ತು,CC_CCD,O
34,12,1,ಫ್ರಾನ್ಸೇಸ್,N_NNP,NEL
34,13,0,ಕಂಪನಿ,N_NN,O
34,14,1,ಅಟೋಸ್,N_NN,NEO
34,15,0,ಮೂಲಕ,PSP,O
34,16,0,ರಾಷ್ಟ್ರೀಯ,JJ,O
34,17,0,ಸೂಪರ್ಕಂಪ್ಯೂಟಿಂಗ್,N_NN,O
34,18,0,ಮಿಷನ್,N_NN,O
34,19,0,(,RD_SYM,O
34,20,1,ಎನ್ಎಸ್ಎಮ್,N_NNP,NEA
34,21,0,),RD_SYM,O
34,22,0,ನ,PSP,O
34,23,0,ಅಡಿಯಲ್ಲಿ,N_NN,O
34,24,0,ಭಾರತದ,N_NNP,O
34,25,0,ಅತ್ಯಂತ,RP_INTF,O
34,26,0,ವೇಗದ,JJ,O
34,27,0,ಸೂಪರ್ಕಂಪ್ಯೂಟರ್,N_NN,O
34,28,0,',RD_PUNC,O
34,29,1,ಪರಮ್,N_NN,NEA
34,29,2,-,RD_SYM,NEA
34,29,3,ಸಿದ್ಧಿ,N_NN,NEA
34,30,0,-,RD_SYM,O
34,31,0,ಎಐ,N_NN,O
34,32,0,',RD_PUNC,O
34,33,0,ಯ,PSP,O
34,34,0,ಯಶಸ್ವಿ,N_NN,O
34,35,0,ಅಭಿವೃದ್ಧಿಯಲ್ಲಿ,N_NN,O
34,36,0,ನಮ್ಮ,PR_PRP,O
34,37,0,ನಡುವೆ,N_NN,O
34,38,0,ಅತ್ಯುತ್ತಮ,JJ,O
34,39,0,ಸಹಕಾರವನ್ನು,N_NN,O
34,40,0,ಕಾಣಬಹುದು,V_VM_VF,O
34,41,0,.,RD_PUNC,O
35,1,0,ಎರಡೂ,QT_QTC,O
35,2,0,ದೇಶಗಳಿಗೆ,N_NN,O
35,3,0,ಬರುತ್ತಿರುವ,V_VM_VNF,O
35,4,1,5,QT_QTC,NETE
35,4,2,-,RD_SYM,NETE
35,4,3,ಜೀ,N_NN,NETE
35,4,4,ನೆಟ್ವರ್ಕ್ಗಳು,N_NN,NETE
35,5,0,",",RD_PUNC,O
35,6,0,ಸುರಕ್ಷಿತವಾಗಿ,RB,O
35,7,0,ಇರಬೇಕು,V_VM_VF,O
35,8,0,ಎಂಬ,CC_CCS,O
35,9,0,ಅರಿವು,N_NN,O
35,10,0,ಕೂಡ,RP_RPD,O
35,11,0,ಬೆಳೆಯುತ್ತಿದೆ,V_VM_VF,O
35,12,0,.,RD_PUNC,O
36,1,1,5,QT_QTC,NETE
36,1,2,-,RD_SYM,NETE
36,1,3,ಜೀ,N_NN,NETE
36,1,4,ತಂತ್ರಜ್ಞಾನಕ್ಕೆ,N_NN,NETE
36,2,0,ಸಂಬಂಧಿಸಿದ,V_VM_VNF,O
36,3,0,ಅಪಾಯಗಳಿಗೆ,N_NN,O
36,4,0,ಪರಿಹಾರಗಳನ್ನು,N_NN,O
36,5,0,ಕಂಡುಹಿಡಿಯಲು,V_VM_VINF,O
36,6,1,ಭಾರತ,N_NNP,NEL
36,7,0,ಮತ್ತು,CC_CCD,O
36,8,1,ಫ್ರಾನ್ಸ್,N_NNP,NEL
36,9,0,ಎರಡೂ,QT_QTC,O
36,10,0,ಕೂಡ,RP_RPD,O
36,11,0,ಬದ್ಧ,N_NN,O
36,12,0,ಆಗಿವೆ,V_VM_VF,O
36,13,0,.,RD_PUNC,O
37,1,1,9,QT_QTC,NEN
37,2,0,ಇದೇ,JJ,O
37,3,0,ರೀತಿಯಲ್ಲಿ,N_NN,O
37,4,0,",",RD_PUNC,O
37,5,1,ಭಾರತ,N_NNP,NEL
37,6,0,ಮತ್ತು,CC_CCD,O
37,7,1,ಫ್ರಾನ್ಸ್,N_NNP,NEL
37,8,1,ನಾಗರಿಕ,JJ,NETE
37,8,2,ಪರಮಾಣು,N_NN,NETE
37,8,3,ಶಕ್ತಿ,N_NN,NETE
37,9,0,ಮತ್ತು,CC_CCD,O
37,10,1,ಜೈತಾಪುರ,N_NNP,NEL
37,11,0,ಯೋಜನೆಯಲ್ಲಿ,N_NN,O
37,12,0,ದೀರ್ಘಕಾಲೀನ,JJ,O
37,13,0,ಸಹಕಾರದ,N_NN,O
37,14,0,ಜೊತೆಗೆ,PSP,O
37,15,0,ಶುದ್ಧ,JJ,O
37,16,0,ಶಕ್ತಿಯ,N_NN,O
37,17,0,ಆರಂಭಿಕ,JJ,O
37,18,0,ಪ್ರತಿಪಾದಕಗಳು,N_NN,O
37,19,0,ಆಗಿವೆ,V_VM_VF,O
37,20,0,",",RD_PUNC,O
37,21,0,ನಾವು,PR_PRP,O
37,22,0,ಅದರ,PR_PRP,O
37,23,0,ಪ್ರಗತಿ,N_NN,O
37,24,0,ಸಾಧಿಸಲು,V_VM_VINF,O
37,25,0,ದೃಢಸಂಕಲ್ಪ,N_NN,O
37,26,0,ಮಾಡಿದ್ದೇವೆ,V_VM_VF,O
37,27,0,.,RD_PUNC,O
38,1,0,ಶಕ್ತಿಯ,N_NN,O
38,2,0,ದೀರ್ಘಕಾಲಿಕ,JJ,O
38,3,0,",",RD_PUNC,O
38,4,0,ಶುದ್ಧತೆಯ,N_NN,O
38,5,0,ಮೂಲವಾಗಿ,RB,O
38,6,0,ಹವಾಗುಣ,N_NN,O
38,7,0,ಬದಲಾವಣೆಯ,N_NN,O
38,8,0,ಸವಾಲನ್ನು,N_NN,O
38,9,0,ನಿಭಾಯಿಸಲು,V_VM_VINF,O
38,10,0,ಪರಮಾಣು,N_NN,O
38,11,0,ಶಕ್ತಿಯ,N_NN,O
38,12,0,ಪ್ರಾಮುಖ್ಯತೆಯ,N_NN,O
38,13,0,ಕುರಿತು,RP_RPD,O
38,14,0,ಎರಡೂ,QT_QTC,O
38,15,0,ದೇಶಗಳ,N_NN,O
38,16,0,ಅಭಿಪ್ರಾಯಗಳು,N_NN,O
38,17,0,ಒಂದೇ,QT_QTC,O
38,18,0,ರೀತಿ,N_NN,O
38,19,0,ಆಗಿವೆ,V_VM_VF,O
38,20,0,.,RD_PUNC,O
39,1,0,ಇದಲ್ಲದೇ,PR_PRP,O
39,2,0,",",RD_PUNC,O
39,3,0,ನಮ್ಮ,PR_PRP,O
39,4,0,ಶಕ್ತಿಯ,N_NN,O
39,5,0,ಸಹಯೋಗ,N_NN,O
39,6,0,ಹಾಗೆಯೇ,CC_CCS,O
39,7,0,ಬಹುಪಕ್ಷೀಯ,JJ,O
39,8,0,ಸಹಭಾಗಿತ್ವದ,N_NN,O
39,9,0,ಪರಿಪಕ್ವತೆಯು,N_NN,O
39,10,1,ಅಂತರಾಷ್ಟ್ರೀಯ,JJ,NEO
39,10,2,ಸೌರ,N_NN,NEO
39,10,3,ಒಕ್ಕೂಟದ,N_NN,NEO
39,11,0,ನಮ್ಮ,PR_PRP,O
39,12,0,ಸಹ,RP_RPD,O
39,13,0,-,RD_SYM,O
39,14,0,ಸ್ಥಾಪನೆಯಲ್ಲಿ,N_NN,O
39,15,0,ಪ್ರತಿಫಲಿಸುತ್ತದೆ,V_VM_VNF,O
39,16,0,",",RD_PUNC,O
39,17,0,ಇದು,PR_PRP,O
39,18,0,ವಿಶೇಷವಾಗಿ,JJ,O
39,19,0,ಜಗತ್ತಿನ,N_NN,O
39,20,0,ಅತ್ಯಂತ,RP_INTF,O
39,21,0,ದುರ್ಬಲ,JJ,O
39,22,0,ಭಾಗಗಳಲ್ಲಿ,N_NN,O
39,23,0,ಶಕ್ತಿಯ,N_NN,O
39,24,0,ಪರಿವರ್ತನೆಯನ್ನು,N_NN,O
39,25,0,ಸಾಧಿಸಲು,V_VM_VINF,O
39,26,0,ಸರ್ಕಾರಗಳಿಗೆ,N_NN,O
39,27,0,ಅತ್ಯುತ್ತಮ,JJ,O
39,28,0,ಪರಿಹಾರವಾಗಿ,N_NN,O
39,29,0,ಸೌರಶಕ್ತಿಯನ್ನು,N_NN,O
39,30,0,ಸ್ಥಾಪಿಸುವ,V_VM_VNF,O
39,31,0,ಉದ್ದೇಶವನ್ನು,N_NN,O
39,32,0,ಹೊಂದಿದೆ,V_VM_VF,O
39,33,0,.,RD_PUNC,O
40,1,1,10,QT_QTC,NEN
40,2,0,ಹಸಿರು,N_NN,O
40,3,0,ಜಲಜನಕ,N_NN,O
40,4,1,ಎರಡೂ,QT_QTC,NEN
40,5,0,ದೇಶಗಳ,N_NN,O
40,6,0,ನಡುವಿನ,N_NN,O
40,7,0,ಶಕ್ತಿ,N_NN,O
40,8,0,ಸಹಯೋಗದ,N_NN,O
40,9,0,ಮತ್ತೊಂದು,N_NN,O
40,10,0,ಉದಯೋನ್ಮುಖ,N_NN,O
40,11,0,ಕ್ಷೇತ್ರ,N_NN,O
40,12,0,ಆಗಿದೆ,V_VM_VF,O
40,13,0,.,RD_PUNC,O
41,1,1,ಫ್ರಾನ್ಸ್,N_NNP,NEL
41,2,0,ಈ,DM_DMD,O
41,3,0,ಪ್ರದೇಶದ,N_NN,O
41,4,0,ಪ್ರಮುಖ,JJ,O
41,5,0,ಯುರೋಪಿಯನ್,N_NNP,O
41,6,0,ರಾಷ್ಟ್ರಗಳಲ್ಲಿ,N_NN,O
41,7,0,ಒಂದು,QT_QTC,O
41,8,0,",",RD_PUNC,O
41,9,0,ಇದು,PR_PRP,O
41,10,0,ಹಸಿರು,JJ,O
41,11,0,ಜಲಜನಕ,N_NN,O
41,12,0,ತಂತ್ರವನ್ನು,N_NN,O
41,13,0,ಘೋಷಿಸಿದೆ,V_VM_VF,O
41,14,0,ಹಾಗೆಯೇ,CC_CCS,O
41,15,0,ಈ,DM_DMD,O
41,16,0,ಕಾರ್ಯತಂತ್ರವನ್ನು,N_NN,O
41,17,0,ಕಾರ್ಯಗತಗೊಳಿಸಲು,V_VM_VINF,O
41,18,1,2030,QT_QTC,NEN
41,19,0,ರ,N_NN,O
41,20,0,ವೇಳೆಗೆ,N_NN,O
41,21,1,72,QT_QTC,NEN
41,21,2,ಯೂರೋ,N_NNP,NEN
41,21,3,ಬಿಲಿಯನ್,N_NNP,NEN
41,22,0,ಹೂಡಿಕೆ,N_NN,O
41,23,0,ಮಾಡಲು,V_VM_VINF,O
41,24,0,ಬದ್ಧ,N_NN,O
41,25,0,ಆಗಿದೆ,V_VM_VF,O
41,26,0,.,RD_PUNC,O
42,1,0,ಹಸಿರು,JJ,O
42,2,0,ಜಲಜನಕವನ್ನು,N_NN,O
42,3,0,ಅಳವಡಿಸಿಕೊಳ್ಳುವಲ್ಲಿ,V_VM_VNF,O
42,4,1,ಫ್ರಾನ್ಸ್,N_NNP,NEL
42,5,0,ಕೂಡ,RP_RPD,O
42,6,0,ಮುಂಚೂಣಿಯಲ್ಲಿ,N_NN,O
42,7,0,ಇದೆ,V_VM_VF,O
42,8,0,ಹಾಗೆಯೇ,CC_CCS,O
42,9,1,2019,QT_QTC,NEN
42,10,0,ರಿಂದ,PSP,O
42,11,0,ಇದನ್ನು,PR_PRP,O
42,12,0,ತನ್ನ,PR_PRF,O
42,13,0,ನಗರ,N_NN,O
42,14,0,ಮತ್ತು,CC_CCD,O
42,15,0,ಭಾರೀ,JJ,O
42,16,0,ಮೊಬಿಲಿಟೀ,N_NN,O
42,17,0,ಸಿಸ್ಟಮ್,N_NN,O
42,18,0,ಗಳಲ್ಲಿ,N_NN,O
42,19,0,ಅಳವಡಿಸಿಕೊಳ್ಳಲು,V_VM_VINF,O
42,20,0,ಪ್ರಾರಂಭ,N_NN,O
42,21,0,ಕೂಡ,RP_RPD,O
42,22,0,ಮಾಡಿದ್ದಾರೆ,V_VM_VF,O
42,23,0,.,RD_PUNC,O
43,1,1,11,QT_QTC,NEN
43,2,1,ಭಾರತವು,N_NN,NEL
43,3,0,ಸಹ,RP_RPD,O
43,4,0,ಒಂದು,QT_QTC,O
43,5,0,ಮಹತ್ವಾಕಾಂಕ್ಷೆಯ,N_NN,O
43,6,0,ರಾಷ್ಟ್ರೀಯ,JJ,O
43,7,0,ಹೈಡ್ರೋಜನ್,N_NN,O
43,8,0,ಮಿಷನ್,N_NN,O
43,9,0,ಅನ್ನು,PSP,O
43,10,0,ಪ್ರಾರಂಭಿಸಿದೆ,V_VM_VNF,O
43,11,0,",",RD_PUNC,O
43,12,0,ಇದು,PR_PRP,O
43,13,0,ಐದು,QT_QTC,O
43,14,0,ಪ್ರಮುಖ,JJ,O
43,15,0,ಹವಾಗುಣ,N_NN,O
43,16,0,ಗುರಿಗಳು,N_NN,O
43,17,0,ಅಥವಾ,CC_CCD,O
43,18,0,ಪಂಚಾಮೃತಕ್ಕೆ,N_NN,O
43,19,0,ಉತ್ತಮ,JJ,O
43,20,0,ಕೊಡುಗೆ,N_NN,O
43,21,0,ನೀಡುತ್ತದೆ,V_VM_VF,O
43,22,0,",",RD_PUNC,O
43,23,0,ಇದನ್ನು,PR_PRP,O
43,24,0,ಕಳೆದ,JJ,O
43,25,0,ವರ್ಷ,N_NN,O
43,26,1,ಸಿಒಪಿ,N_NN,NEA
43,27,0,ಶೃಂಗಸಭೆಯಲ್ಲಿ,N_NN,O
43,28,0,ನಮ್ಮ,PR_PRP,O
43,29,0,ಪ್ರಧಾನ,JJ,O
43,30,0,ಮಂತ್ರಿಯವರು,N_NN,O
43,31,0,ಘೋಷಿಸಿದ್ದರು,V_VM_VF,O
43,32,0,.,RD_PUNC,O
44,1,1,ಭಾರತ,N_NNP,NEL
44,2,0,ಸರ್ಕಾರವು,N_NN,O
44,3,0,ಹೈಡ್ರೋಜನ್,N_NNP,O
44,4,0,ಶಕ್ತಿ,N_NN,O
44,5,0,ಮತ್ತು,CC_CCD,O
44,6,0,ಇಂಧನದ,N_NN,O
44,7,0,ಕುರಿತು,RP_RPD,O
44,8,0,ವ್ಯಾಪಕ,N_NN,O
44,9,0,ಆಧಾರಿತ,N_NNV,O
44,10,0,ಸಂಶೋಧನೆ,N_NN,O
44,11,0,",",RD_PUNC,O
44,12,0,ಅಭಿವೃದ್ಧಿ,N_NN,O
44,13,0,ಹಾಗೂ,CC_CCD,O
44,14,0,ಪ್ರದರ್ಶನ,N_NN,O
44,15,0,ಕಾರ್ಯಕ್ರಮವನ್ನು,N_NN,O
44,16,0,ಬೆಂಬಲಿಸುತ್ತಾ,V_VM_VNF,O
44,17,0,ಇದೆ,V_VM_VF,O
44,18,0,.,RD_PUNC,O
45,1,1,ನವೀಕರಣೀಯ,JJ,NETE
45,1,2,ಇಂಧನ,N_NN,NETE
45,1,3,ಮೂಲಗಳಿಂದ,N_NN,NETE
45,2,0,ಹೈಡ್ರೋಜನ್,N_NNP,O
45,3,0,ಉತ್ಪಾದನೆ,N_NN,O
45,4,0,",",RD_PUNC,O
45,5,0,ಇದರ,PR_PRP,O
45,6,0,ಸುರಕ್ಷತೆ,N_NN,O
45,7,0,ಹಾಗೂ,CC_CCD,O
45,8,0,ಸಮರ್ಥ,JJ,O
45,9,0,ಸಂಗ್ರಹಣೆ,N_NN,O
45,10,0,ಮತ್ತು,CC_CCD,O
45,11,0,ದಹನ,N_NN,O
45,12,0,ಅಥವಾ,CC_CCD,O
45,13,0,ಇಂಧನ,N_NN,O
45,14,0,ಕೋಶದ,N_NN,O
45,15,0,ಮೂಲಕ,PSP,O
45,16,0,ಸಾರಿಗೆ,N_NN,O
45,17,0,ವಿಧಾನಗಳಲ್ಲಿ,N_NN,O
45,18,0,ಶಕ್ತಿಯ,N_NN,O
45,19,0,ಬಳಕೆಯಲ್ಲಿನ,N_NN,O
45,20,0,ಸವಾಲುಗಳನ್ನು,N_NN,O
45,21,0,ಬಗೆಹರಿಸಲು,V_VM_VINF,O
45,22,0,ಔದ್ಯೋಗಿಕ,JJ,O
45,23,0,",",RD_PUNC,O
45,24,0,ಶೈಕ್ಷಣಿಕ,N_NN,O
45,25,0,ಹಾಗೆಯೇ,CC_CCS,O
45,26,0,ಸಂಶೋಧನಾ,N_NN,O
45,27,0,ಸಂಸ್ಥೆಗಳ,N_NN,O
45,28,0,ಯೋಜನೆಗಳನ್ನು,N_NN,O
45,29,0,ಬೆಂಬಲಿಸಲು,V_VM_VINF,O
45,30,0,ಆಗುತ್ತದೆ,V_VM_VF,O
45,31,0,.,RD_PUNC,O
46,1,0,ಸಾರಿಗೆಗೆ,N_NN,O
46,2,0,ಸಂಬಂಧಿಸಿದಂತೆ,V_VM_VNF,O
46,3,0,",",RD_PUNC,O
46,4,1,ಬನಾರಸ್,N_NNP,NEO
46,4,2,ಹಿಂದೂ,N_NNP,NEO
46,4,3,ವಿಶ್ವವಿದ್ಯಾನಿಲಯ,N_NN,NEO
46,5,0,",",RD_PUNC,O
46,6,1,ಐಐಟಿ,N_NN,NEO
46,6,2,ದೆಹಲಿ,N_NNP,NEO
46,7,0,ಹಾಗೂ,CC_CCD,O
46,8,1,ಮಹೀಂದ್ರಾ,N_NNP,NEO
46,8,2,ಏಂಡ್,N_NNP,NEO
46,8,3,ಮಹೀಂದ್ರಾದಲ್ಲಿ,N_NNP,NEO
46,9,0,ಪ್ರಮುಖ,JJ,O
46,10,0,ಕೆಲಸಗಳನ್ನು,N_NN,O
46,11,0,ಬೆಂಬಲಿಸಲು,V_VM_VINF,O
46,12,0,ಆಗಿದೆ,V_VM_VF,O
46,13,0,.,RD_PUNC,O
47,1,0,ಈ,DM_DMD,O
47,2,0,ದಿಕ್ಕಿನಲ್ಲಿ,N_NN,O
47,3,0,ಮುಂದೆ,N_NST,O
47,4,0,ಸಾಗುತ್ತಾ,V_VM_VNF,O
47,5,0,ಇರುವ,V_VM_VNF,O
47,6,0,",",RD_PUNC,O
47,7,0,ಎರಡು,QT_QTC,O
47,8,1,ಹೈಡ್ರೋಜನ್,N_NN,NETE
47,8,2,ಇಂಧನ,N_NN,NETE
47,9,0,ತುಂಬುವ,V_VM_VNF,O
47,10,0,ಕೇಂದ್ರಗಳನ್ನು,N_NN,O
47,11,0,ಸಹ,RP_RPD,O
47,12,0,ಸ್ಥಾಪಿಸಲು,V_VM_VINF,O
47,13,0,ಆಗಿದೆ,V_VM_VF,O
47,14,0,",",RD_PUNC,O
47,15,0,ಅದರಲ್ಲಿ,PR_PRP,O
47,16,0,ಒಂದು,QT_QTC,O
47,17,1,ಫರಿದಾಬಾದ್ನ,N_NNP,NEL
47,18,1,ಭಾರತೀಯ,N_NNP,NEO
47,18,2,ತೈಲ,N_NN,NEO
47,18,3,ಸಂಶೋಧನೆ,N_NN,NEO
47,18,4,ಮತ್ತು,CC_CCD,NEO
47,18,5,ಅಭಿವೃದ್ಧಿ,N_NN,NEO
47,18,6,ಕೇಂದ್ರದಲ್ಲಿ,N_NN,NEO
47,19,0,ಹಾಗೆಯೇ,CC_CCS,O
47,20,0,ಒಂದು,QT_QTC,O
47,21,1,ಗುರುಗ್ರಾಮ್ನಲ್ಲಿ,N_NN,NEL
47,22,0,ಇರುವ,V_VM_VNF,O
47,23,1,ಸೌರಶಕ್ತಿಯ,N_NN,NEO
47,23,2,ರಾಷ್ಟ್ರೀಯ,JJ,NEO
47,23,3,ಸಂಸ್ಥೆಯಲ್ಲಿ,N_NN,NEO
47,24,0,ಇದೆ,V_VM_VF,O
47,25,0,.,RD_PUNC,O
48,1,0,12,QT_QTC,O
48,2,0,ಇವು,N_NN,O
48,3,0,ವರ್ತಮಾನದಲ್ಲಿ,N_NN,O
48,4,0,ನಡೆಯುತ್ತಿರುವ,V_VM_VNF,O
48,5,0,ಕೆಲಸ,N_NN,O
48,6,0,ಹಾಗೂ,CC_CCD,O
48,7,1,ಭಾರತ,N_NNP,NEL
48,8,0,-,RD_SYM,O
48,9,1,ಫ್ರಾನ್ಸ್,N_NNP,NEL
48,10,0,ಡಿಜಿಟಲ್,N_NNP,O
48,11,0,ಮತ್ತು,CC_CCD,O
48,12,0,ಶಕ್ತಿ,N_NN,O
48,13,0,ಪಾಲುದಾರಿಕೆಯಲ್ಲಿ,N_NN,O
48,14,0,ಅದರ,PR_PRP,O
48,15,0,ಬಳಕೆಯ,N_NN,O
48,16,0,ಸಾಮರ್ಥ್ಯಕ್ಕೆ,N_NN,O
48,17,0,ಕೆಲವು,DM_DMI,O
48,18,0,ಉದಾಹರಣೆಗಳು,N_NN,O
48,19,0,ಆಗಿವೆ,V_VM_VF,O
48,20,0,.,RD_PUNC,O
49,1,1,ಇಂಡೋ,N_NNP,NEL
49,2,0,-,RD_SYM,O
49,3,1,ಪೆಸಿಫಿಕ್ನಲ್ಲಿ,N_NN,NEL
49,4,0,ನಿಕಟ,JJ,O
49,5,0,ಸಹಕಾರಕ್ಕೆ,N_NN,O
49,6,0,ನಾವು,PR_PRP,O
49,7,0,ಬದ್ಧರಾಗಿ,RB,O
49,8,0,ಇದ್ದೇವೆ,V_VM_VF,O
49,9,0,",",RD_PUNC,O
49,10,0,ಮತ್ತು,CC_CCD,O
49,11,0,ಇದರಲ್ಲಿ,PR_PRP,O
49,12,0,ಮುನ್ನಡೆಯಲು,V_VM_VINF,O
49,13,0,ನಾವು,PR_PRP,O
49,14,0,ಹೊಸ,JJ,O
49,15,0,ಮಾರ್ಗಗಳನ್ನೂ,N_NN,O
49,16,0,ಕಂಡುಕೊಳ್ಳುತ್ತಿದ್ದೇವೆ,V_VM_VF,O
49,17,0,.,RD_PUNC,O
50,1,0,ಉದಾಹರಣೆಗೆ,N_NN,O
50,2,0,",",RD_PUNC,O
50,3,0,',RD_PUNC,O
50,4,0,ನೀಲಿ,JJ,O
50,5,0,ಆರ್ಥಿಕತೆ,N_NN,O
50,6,0,ಮತ್ತು,CC_CCD,O
50,7,0,ಸಾಗರ,N_NN,O
50,8,0,ಆಡಳಿತದ,N_NN,O
50,9,0,ಮಾರ್ಗಸೂಚಿ,V_VM_VNF,O
50,10,0,',RD_PUNC,O
50,11,0,ಯನ್ನು,N_NN,O
50,12,0,ಅಳವಡಿಸಿಕೊಳ್ಳುವುದರ,V_VM_VNF,O
50,13,0,ಜೊತೆಗೆ,PSP,O
50,14,0,",",RD_PUNC,O
50,15,1,ಭಾರತ,N_NNP,NEL
50,16,0,ಮತ್ತು,CC_CCD,O
50,17,1,ಫ್ರಾನ್ಸ್,N_NNP,NEL
50,18,0,ನೀಲಿ,N_NN,O
50,19,0,ಆರ್ಥಿಕ,JJ,O
50,20,0,ಅವಕಾಶಗಳಿಂದ,N_NN,O
50,21,0,ಆರ್ಥಿಕತೆಗೆ,N_NN,O
50,22,0,ಸಂಬಂಧಿಸಿದ,V_VM_VNF,O
50,23,0,ಸಂಸ್ಥೆಗಳ,N_NN,O
50,24,0,ನಡುವಿನ,N_NN,O
50,25,0,ಸಹಕಾರದ,N_NN,O
50,26,0,",",RD_PUNC,O
50,27,0,ಮಹಾಸಾಗರ,N_NN,O
50,28,0,ವಿಜ್ಞಾನದ,N_NN,O
50,29,0,ಸಹಕಾರ,N_NN,O
50,30,0,ಮತ್ತು,CC_CCD,O
50,31,0,ಸುಸ್ಥಿರ,JJ,O
50,32,0,ಸಾಗರ,N_NN,O
50,33,0,ಮೂಲಸೌಕರ್ಯದ,N_NN,O
50,34,0,ಜೊತೆಗೆ,PSP,O
50,35,0,ಕೆಲಸ,N_NN,O
50,36,0,ಮಾಡಲು,V_VM_VINF,O
50,37,0,ಹೊಸ,JJ,O
50,38,0,ಮಾರ್ಗಗಳನ್ನು,N_NN,O
50,39,0,ಕಂಡುಹಿಡಿಯಲು,V_VM_VINF,O
50,40,0,ಸಹಾಯ,N_NN,O
50,41,0,ಮಾಡುತ್ತದೆ,V_VM_VF,O
50,42,0,.,RD_PUNC,O
51,1,0,ಬಹುಪಕ್ಷೀಯ,JJ,O
51,2,0,ಕ್ಷೇತ್ರದಲ್ಲಿ,N_NN,O
51,3,0,",",RD_PUNC,O
51,4,1,ಭಾರತ,N_NNP,NEL
51,5,0,ಮತ್ತು,CC_CCD,O
51,6,1,ಫ್ರಾನ್ಸ್,N_NNP,NEL
51,7,0,ಉನ್ನತ,JJ,O
51,8,0,ಮಹತ್ವಾಕಾಂಕ್ಷೆಯ,N_NN,O
51,9,0,ಮೈತ್ರಿಯ,N_NN,O
51,10,0,ಮೂಲಕ,PSP,O
51,11,0,ರಾಷ್ಟ್ರೀಯ,JJ,O
51,12,0,ನ್ಯಾಯವ್ಯಾಪ್ತಿಯ,N_NN,O
51,13,0,ಆಚೆಗಿನ,N_NST,O
51,14,0,ಜೀವವೈವಿಧ್ಯತೆಯ,N_NN,O
51,15,0,ರಕ್ಷಣೆ,N_NN,O
51,16,0,(,RD_SYM,O
51,17,1,ಬಿಬಿಎನ್ಜೆ,N_NN,NEA
51,18,0,),RD_SYM,O
51,19,0,ಗೆ,PSP,O
51,20,0,ಕಾನೂನಾತ್ಮಕವಾಗಿ,N_NN,O
51,21,0,ಬದ್ಧವಾದ,JJ,O
51,22,0,ಒಪ್ಪಂದಕ್ಕೆ,N_NN,O
51,23,0,ಕರೆ,N_NN,O
51,24,0,ನೀಡಿದೆ,V_VM_VF,O
51,25,0,.,RD_PUNC,O
52,1,0,ನಾವು,PR_PRP,O
52,2,0,ಜಂಟಿಯಾಗಿ,RB,O
52,3,1,ಇಂಡೋ,V_VM_VNF,NEL
52,4,0,-,RD_SYM,O
52,5,1,ಪೆಸಿಫಿಕ್,N_NN,NEL
52,6,0,ಪಾರ್ಕ್,N_NN,O
52,7,0,ಪಾಲುದಾರಿಕೆಯನ್ನು,N_NN,O
52,8,0,ಸಹ,RP_RPD,O
52,9,0,ಪ್ರಾರಂಭಿಸಿದ್ದೇವೆ,N_NN,O
52,10,0,ಇದು,PR_PRP,O
52,11,0,ಪಾರ್ಕ್,N_NN,O
52,12,0,ವ್ಯವಸ್ಥಾಪಕರ,N_NN,O
52,13,0,ನಡುವೆ,N_NN,O
52,14,0,ಅತ್ಯುತ್ತಮ,JJ,O
52,15,0,ಅಭ್ಯಾಸಗಳು,N_NN,O
52,16,0,ಮತ್ತು,CC_CCD,O
52,17,0,ಜ್ಞಾನದ,N_NN,O
52,18,0,ವಿನಿಮಯವನ್ನು,N_NN,O
52,19,0,ಸಕ್ರಿಯಗೊಳಿಸುವ,V_VM_VNF,O
52,20,0,ಉದ್ದೇಶವನ್ನು,N_NN,O
52,21,0,ಹೊಂದಿದೆ,V_VM_VF,O
52,22,0,.,RD_PUNC,O
53,1,1,ಇಂಡೋ,N_NNP,NEL
53,2,0,-,RD_SYM,O
53,3,1,ಪೆಸಿಫಿಕ್ನಲ್ಲಿ,N_NN,NEL
53,4,0,ಅಕ್ರಮ,N_NN,O
53,5,0,",",RD_PUNC,O
53,6,0,ಅನಿಯಮಿತ,JJ,O
53,7,0,ಮತ್ತು,CC_CCD,O
53,8,0,ವರದಿರಹಿತ,N_NN,O
53,9,0,(,RD_SYM,O
53,10,0,ಐಯುಯು,N_NN,O
53,11,0,),RD_SYM,O
53,12,0,ಮೀನುಗಾರಿಕೆಯನ್ನು,N_NN,O
53,13,0,ಜಂಟಿಯಾಗಿ,RB,O
53,14,0,ನಿಭಾಯಿಸಲು,V_VM_VINF,O
53,15,0,ಕೂಡ,RP_RPD,O
53,16,0,ಎರಡೂ,QT_QTC,O
53,17,0,ದೇಶಗಳು,N_NN,O
53,18,0,ಬದ್ಧವಾಗಿ,RB,O
53,19,0,ಇವೆ,V_VM_VF,O
53,20,0,.,RD_PUNC,O
54,1,0,ಕಳೆದ,JJ,O
54,2,0,ವರ್ಷ,N_NN,O
54,3,0,ಫ್ರಾನ್ಸ್,N_NNP,O
54,4,1,ಇಂಡೋ,N_NNP,NEL
54,5,0,-,RD_SYM,O
54,6,1,ಪೆಸಿಫಿಕ್,N_NN,NEL
54,7,0,ಓಷನ್,N_NN,O
54,8,0,ಇನಿಶಿಯೇಟಿವ್ನ,N_NN,O
54,9,0,ಸಾಗರ,N_NN,O
54,10,0,ಸಂಪನ್ಮೂಲಗಳ,N_NN,O
54,11,0,ಸ್ತಂಭವನ್ನು,N_NN,O
54,12,0,ಅಳವಡಿಸಿಕೊಂಡಾಗ,V_VM_VNF,O
54,13,0,ಸಹಯೋಗದ,N_NN,O
54,14,0,ಈ,DM_DMD,O
54,15,0,ಕ್ಷೇತ್ರವು,N_NN,O
54,16,0,ಮತ್ತಷ್ಟು,JJ,O
54,17,0,ಪ್ರಗತಿಯನ್ನು,N_NN,O
54,18,0,ಕಂಡಿತು,V_VM_VF,O
54,19,0,.,RD_PUNC,O
55,1,0,ಈ,DM_DMD,O
55,2,0,ನಿಟ್ಟಿನಲ್ಲಿ,N_NN,O
55,3,1,ಭಾರತ,N_NNP,NEL
55,4,1,ಫ್ರಾನ್ಸ್ನ,N_NNP,NEL
55,5,0,ಬೆಂಬಲವನ್ನು,N_NN,O
55,6,0,ಮುಂದುವರಿಸಲಿದೆ,V_VM_VF,O
55,7,0,.,RD_PUNC,O
56,1,1,13,QT_QTC,NEN
56,2,0,ಒಂದು,QT_QTC,O
56,3,0,ವೇಳೆ,N_NN,O
56,4,0,ನಾವು,PR_PRP,O
56,5,0,ಜಾಗತಿಕ,JJ,O
56,6,0,ಒಳಿತಿಗಾಗಿ,N_NN,O
56,7,0,ಒಂದು,QT_QTC,O
56,8,0,ಶಕ್ತಿಯಾಗಲು,N_NN,O
56,9,0,ನಮ್ಮ,PR_PRP,O
56,10,0,ಮಿತಿಗಳನ್ನು,N_NN,O
56,11,0,ತಳ್ಳುತ್ತಿದ್ದರೆ,V_VM_VNF,O
56,12,0,",",RD_PUNC,O
56,13,1,ಭಾರತ,N_NNP,NEL
56,14,0,-,RD_SYM,O
56,15,1,ಫ್ರಾನ್ಸ್,N_NNP,NEL
56,16,0,ಕಾರ್ಯತಂತ್ರದ,N_NN,O
56,17,0,ಪಾಲುದಾರಿಕೆಯಲ್ಲಿ,N_NN,O
56,18,0,ಇರುವ,V_VM_VNF,O
56,19,0,ಸಾಧ್ಯತೆಗಳಿಗೆ,N_NN,O
56,20,0,ಅಂತ್ಯವಿಲ್ಲ,V_VM_VF,O
56,21,0,.,RD_PUNC,O
57,1,0,ನಾನು,PR_PRP,O
57,2,0,ಮೊದಲೇ,RB,O
57,3,0,ಹೇಳಿದಂತೆ,V_VM_VNF,O
57,4,0,",",RD_PUNC,O
57,5,1,21,QT_QTC,NEN
57,6,0,ನೇ,QT_QTO,O
57,7,0,ಶತಮಾನದ,N_NN,O
57,8,0,ಸಮಸ್ಯೆಗಳನ್ನು,N_NN,O
57,9,0,ನಿಭಾಯಿಸಲು,V_VM_VINF,O
57,10,1,21,QT_QTC,NEN
57,11,0,ನೇ,QT_QTO,O
57,12,0,ಶತಮಾನದ,N_NN,O
57,13,0,ಪರಿಹಾರಗಳ,N_NN,O
57,14,0,ಅಗತ್ಯ,N_NN,O
57,15,0,ಇದೆ,V_VM_VF,O
57,16,0,.,RD_PUNC,O
58,1,1,ಭಾರತ,N_NNP,NEL
58,2,0,-,RD_SYM,O
58,3,1,ಫ್ರಾನ್ಸ್,N_NNP,NEL
58,4,0,ಸಂಬಂಧಗಳು,N_NN,O
58,5,0,ನಿಜವಾಗಿ,N_NN,O
58,6,1,21,QT_QTC,NEN
58,7,0,ನೇ,QT_QTO,O
58,8,0,ಶತಮಾನದ,N_NN,O
58,9,0,ಪಾಲುದಾರಿಕೆ,N_NN,O
58,10,0,ಆಗಿದೆ,V_VM_VF,O
58,11,0,.,RD_PUNC,O
59,1,0,ಇಂದಿನ,N_NN,O
59,2,0,ಟ್ರ್ಯಾಕ್,N_NN,O
59,3,1,15,QT_QTC,NEN
59,4,0,ಸಂವಾದದ,JJ,O
59,5,0,ಫಲಿತಾಂಶಕ್ಕಾಗಿ,N_NN,O
59,6,0,ನಾನು,PR_PRP,O
59,7,0,ಕುತೂಹಲದಿಂದ,N_NN,O
59,8,0,ಕಾಯುತ್ತಿದ್ದೇನೆ,V_VM_VF,O
59,9,0,.,RD_PUNC,O
60,1,1,ಭಾರತ,NNP,NEL
60,2,0,-,RD_SYM,O
60,3,1,ಫ್ರಾನ್ಸ್,N_NNP,NEL
60,4,0,ಸಂಬಂಧಗಳನ್ನು,N_NN,O
60,5,0,ಸಧೃಡವಾಗಿಸಲು,V_VM_VINF,O
60,6,0,ಕೆಲವು,DM_DMI,O
60,7,0,ಹೊಸ,JJ,O
60,8,0,ಮತ್ತು,CC_CCD,O
60,9,0,ರಚನಾತ್ಮಕ,JJ,O
60,10,0,ಮಾರ್ಗಗಳ,N_NN,O
60,11,0,ಅನ್ವೇಷಣೆಗೆ,N_NN,O
60,12,0,ಸಹಾಯ,N_NN,O
60,13,0,ಮಾಡಲು,V_VM_VINF,O
60,14,0,ಇಂದಿನ,N_NN,O
60,15,0,ಚರ್ಚೆಯು,N_NN,O
60,16,0,ನಮಗೆ,PR_PRP,O
60,17,0,ನಿರ್ದಿಷ್ಟ,JJ,O
60,18,0,ಆಲೋಚನೆಗಳು,N_NN,O
60,19,0,ಮತ್ತು,CC_CCD,O
60,20,0,ಒಳನೋಟಗಳನ್ನು,N_NN,O
60,21,0,ನೀಡುತ್ತದೆ,V_VM_VF,O
60,22,0,ಎಂದು,CC_CCS,O
60,23,0,ನನಗೆ,PR_PRP,O
60,24,0,ನಂಬಿಕೆ,N_NN,O
60,25,0,ಇದೆ,V_VM_VF,O
60,26,0,.,RD_PUNC,O
61,1,0,ಧನ್ಯವಾದಗಳು,N_NN,O
61,2,0,.,RD_PUNC,O
